,clu
Bradi4g36947,0
Bradi1g58240,0
Bradi1g57200,0
Bradi5g13840,0
Bradi2g09915,0
Bradi2g10090,0
Bradi4g36945,0
Bradi3g53790,0
Bradi2g10640,0
Bradi3g53730,0
Bradi1g58600,0
Bradi1g18270,0
Bradi3g53113,0
Bradi1g57060,0
Bradi2g12427,0
Bradi1g30750,0
Bradi2g12960,0
Bradi2g13060,0
Bradi2g13085,0
Bradi2g13851,0
Bradi2g13860,0
Bradi3g53440,0
Bradi1g30850,0
Bradi2g09145,0
Bradi5g13602,0
Bradi4g24590,0
Bradi3g57470,0
Bradi2g05750,0
Bradi3g57027,0
Bradi3g57000,0
Bradi3g56995,0
Bradi3g56990,0
Bradi1g60115,0
Bradi1g19785,0
Bradi1g59070,0
Bradi1g19730,0
Bradi2g07290,0
Bradi2g07293,0
Bradi1g19470,0
Bradi3g56490,0
Bradi3g56260,0
Bradi2g08420,0
Bradi4g24920,0
Bradi2g08870,0
Bradi1g30240,0
Bradi1g30113,0
Bradi1g20385,0
Bradi3g51920,0
Bradi1g17430,0
Bradi3g47027,0
Bradi4g28695,0
Bradi2g22290,0
Bradi3g46880,0
Bradi2g22410,0
Bradi2g22581,0
Bradi2g22590,0
Bradi1g14900,0
Bradi2g22870,0
Bradi3g47080,0
Bradi2g22875,0
Bradi2g22893,0
Bradi1g14670,0
Bradi1g53747,0
Bradi4g42720,0
Bradi1g27095,0
Bradi3g45990,0
Bradi3g45230,0
Bradi1g53560,0
Bradi3g43810,0
Bradi1g14745,0
Bradi2g14665,0
Bradi5g16757,0
Bradi2g21420,0
Bradi1g57050,0
Bradi2g15237,0
Bradi5g15612,0
Bradi2g15243,0
Bradi3g50540,0
Bradi2g16402,0
Bradi3g49915,0
Bradi4g27008,0
Bradi2g17390,0
Bradi2g21439,0
Bradi4g43970,0
Bradi4g27801,0
Bradi3g49110,0
Bradi1g16151,0
Bradi1g55420,0
Bradi5g16253,0
Bradi2g19350,0
Bradi2g19930,0
Bradi1g15627,0
Bradi1g54210,0
Bradi3g49350,0
Bradi1g14170,0
Bradi2g04670,0
Bradi2g03624,0
Bradi5g07750,0
Bradi1g70330,0
Bradi4g08824,0
Bradi5g07860,0
Bradi4g08822,0
Bradi1g24845,0
Bradi1g24835,0
Bradi5g01440,0
Bradi1g62063,0
Bradi4g09430,0
Bradi4g08054,0
Bradi1g61764,0
Bradi1g28326,0
Bradi4g07563,0
Bradi1g23871,0
Bradi5g01150,0
Bradi4g21800,0
Bradi1g23510,0
Bradi4g06166,0
Bradi1g72940,0
Bradi5g08520,0
Bradi1g73100,0
Bradi1g69463,0
Bradi1g69393,0
Bradi4g17790,0
Bradi1g64195,0
Bradi1g26800,0
Bradi4g16885,0
Bradi1g64444,0
Bradi1g64978,0
Bradi5g02110,0
Bradi4g14975,0
Bradi4g14260,0
Bradi1g25330,0
Bradi1g65952,0
Bradi5g02077,0
Bradi1g28031,0
Bradi1g66860,0
Bradi1g67365,0
Bradi4g20710,0
Bradi4g11920,0
Bradi4g11550,0
Bradi4g10590,0
Bradi4g10335,0
Bradi5g03651,0
Bradi1g60490,0
Bradi4g05670,0
Bradi5g01135,0
Bradi3g60870,0
Bradi3g60770,0
Bradi3g60592,0
Bradi3g60490,0
Bradi4g44650,0
Bradi5g10737,0
Bradi2g02030,0
Bradi1g21097,0
Bradi1g21095,0
Bradi4g23640,0
Bradi3g60470,0
Bradi3g60050,0
Bradi3g60027,0
Bradi1g29611,0
Bradi2g02890,0
Bradi1g20780,0
Bradi3g59502,0
Bradi5g11240,0
Bradi4g24140,0
Bradi3g59370,0
Bradi2g02240,0
Bradi4g04720,0
Bradi1g60921,0
Bradi1g21890,0
Bradi4g04656,0
Bradi5g00720,0
Bradi1g29066,0
Bradi4g02842,0
Bradi1g22920,0
Bradi1g77020,0
Bradi4g02380,0
Bradi1g77430,0
Bradi5g00460,0
Bradi2g00670,0
Bradi5g09800,0
Bradi5g09817,0
Bradi4g01240,0
Bradi1g78246,0
Bradi1g78772,0
Bradi5g10300,0
Bradi4g23280,0
Bradi4g23290,0
Bradi4g00630,0
Bradi1g21900,0
Bradi1g61250,0
Bradi1g31816,0
Bradi5g17575,0
Bradi1g53470,0
Bradi4g33965,0
Bradi1g35140,0
Bradi5g23854,0
Bradi4g34240,0
Bradi2g54812,0
Bradi1g05760,0
Bradi1g05749,0
Bradi3g19730,0
Bradi1g35350,0
Bradi3g19940,0
Bradi3g19430,0
Bradi1g05480,0
Bradi3g17773,0
Bradi3g17515,0
Bradi3g17322,0
Bradi3g17287,0
Bradi3g17216,0
Bradi4g39120,0
Bradi2g57887,0
Bradi1g04730,0
Bradi3g18517,0
Bradi3g16192,0
Bradi4g33727,0
Bradi3g20720,0
Bradi1g47017,0
Bradi1g33950,0
Bradi1g07330,0
Bradi2g50470,0
Bradi4g42210,0
Bradi3g27330,0
Bradi5g21880,0
Bradi2g51140,0
Bradi3g26820,0
Bradi1g45465,0
Bradi1g06999,0
Bradi4g32737,0
Bradi3g23320,0
Bradi3g23251,0
Bradi3g22689,0
Bradi2g53170,0
Bradi3g21670,0
Bradi1g34770,0
Bradi1g06490,0
Bradi3g21245,0
Bradi5g22900,0
Bradi3g27730,0
Bradi2g58091,0
Bradi2g58350,0
Bradi1g38786,0
Bradi4g38106,0
Bradi4g35690,0
Bradi3g09402,0
Bradi3g09398,0
Bradi1g38140,0
Bradi3g09120,0
Bradi1g38100,0
Bradi3g07610,0
Bradi3g00184,0
Bradi3g07563,0
Bradi3g03350,0
Bradi1g01172,0
Bradi5g27077,0
Bradi1g01021,0
Bradi3g07010,0
Bradi4g37715,0
Bradi3g04493,0
Bradi4g36720,0
Bradi3g04800,0
Bradi3g07385,0
Bradi2g58152,0
Bradi2g62510,0
Bradi3g10730,0
Bradi2g58590,0
Bradi5g25320,0
Bradi1g43670,0
Bradi5g25400,0
Bradi2g58967,0
Bradi2g59115,0
Bradi2g59180,0
Bradi4g35135,0
Bradi3g14710,0
Bradi1g02750,0
Bradi1g39218,0
Bradi3g14290,0
Bradi1g03510,0
Bradi2g60730,0
Bradi3g13960,0
Bradi3g11156,0
Bradi5g26320,0
Bradi2g61930,0
Bradi1g02810,0
Bradi1g39042,0
Bradi1g39191,0
Bradi3g27900,0
Bradi4g32300,0
Bradi1g47030,0
Bradi2g34130,0
Bradi3g38897,0
Bradi2g34570,0
Bradi3g38730,0
Bradi2g34850,0
Bradi5g19380,0
Bradi1g32912,0
Bradi4g29730,0
Bradi4g29852,0
Bradi4g41373,0
Bradi2g36200,0
Bradi1g11510,0
Bradi1g11240,0
Bradi5g19490,0
Bradi3g28060,0
Bradi2g39450,0
Bradi4g31050,0
Bradi2g40970,0
Bradi3g35820,0
Bradi2g34120,0
Bradi3g35726,0
Bradi5g19330,0
Bradi2g34000,0
Bradi2g26380,0
Bradi3g42350,0
Bradi1g52975,0
Bradi1g52120,0
Bradi1g51910,0
Bradi1g13490,0
Bradi3g40660,0
Bradi2g27914,0
Bradi2g27930,0
Bradi2g28430,0
Bradi5g18805,0
Bradi2g28434,0
Bradi1g12851,0
Bradi2g30905,0
Bradi2g31576,0
Bradi1g12715,0
Bradi2g31800,0
Bradi1g51040,0
Bradi2g33270,0
Bradi2g34010,0
Bradi1g33507,0
Bradi2g39300,0
Bradi2g41294,0
Bradi3g31880,0
Bradi3g31697,0
Bradi3g31420,0
Bradi4g39920,0
Bradi3g30480,0
Bradi2g41293,0
Bradi1g33810,0
Bradi3g30200,0
Bradi1g08505,0
Bradi3g30154,0
Bradi3g29460,0
Bradi3g29210,0
Bradi2g48850,0
Bradi3g28326,0
Bradi1g08157,0
Bradi3g28310,0
Bradi3g28307,0
Bradi3g28306,0
Bradi3g28304,0
Bradi1g07880,0
Bradi3g28302,0
Bradi2g46665,0
Bradi3g32297,0
Bradi1g08680,0
Bradi2g45086,0
Bradi4g31060,0
Bradi4g31220,0
Bradi3g35050,0
Bradi3g34955,0
Bradi3g34320,0
Bradi2g43700,0
Bradi1g63433,0
Bradi4g32080,0
Bradi4g40010,0
Bradi4g24635,3
Bradi1g51540,3
Bradi1g61090,3
Bradi1g62930,3
Bradi1g63330,3
Bradi1g43700,3
Bradi1g53740,3
Bradi1g46840,3
Bradi1g38010,3
Bradi4g21515,3
Bradi4g24610,3
Bradi4g21240,3
Bradi4g33510,3
Bradi1g43680,3
Bradi4g22160,3
Bradi1g56546,3
Bradi4g22610,3
Bradi1g47501,3
Bradi1g48470,3
Bradi4g26830,3
Bradi4g20849,3
Bradi1g49670,3
Bradi1g53790,3
Bradi1g45710,3
Bradi4g30540,3
Bradi4g32941,3
Bradi1g59280,3
Bradi4g32265,3
Bradi4g30120,3
Bradi1g62691,3
Bradi1g51357,3
Bradi0012s00100,3
Bradi1g65430,3
Bradi3g28300,3
Bradi3g30340,3
Bradi2g47760,3
Bradi3g30770,3
Bradi2g45320,3
Bradi2g44970,3
Bradi2g44750,3
Bradi3g34600,3
Bradi2g42450,3
Bradi3g35250,3
Bradi2g41187,3
Bradi2g40490,3
Bradi2g49912,3
Bradi2g37340,3
Bradi2g36580,3
Bradi2g35900,3
Bradi2g35620,3
Bradi2g35450,3
Bradi2g35090,3
Bradi3g39740,3
Bradi2g28170,3
Bradi2g27790,3
Bradi2g27740,3
Bradi2g26760,3
Bradi3g41837,3
Bradi3g42800,3
Bradi2g37000,3
Bradi2g50130,3
Bradi2g50136,3
Bradi2g50600,3
Bradi3g04790,3
Bradi3g04460,3
Bradi3g06750,3
Bradi3g09030,3
Bradi3g01600,3
Bradi3g00640,3
Bradi3g00500,3
Bradi3g00440,3
Bradi2g61970,3
Bradi3g14685,3
Bradi3g14690,3
Bradi2g59226,3
Bradi3g14907,3
Bradi3g16270,3
Bradi2g57720,3
Bradi3g16600,3
Bradi3g19680,3
Bradi2g54680,3
Bradi2g54520,3
Bradi2g54450,3
Bradi2g54210,3
Bradi3g20560,3
Bradi2g54090,3
Bradi2g53580,3
Bradi2g52910,3
Bradi3g23310,3
Bradi2g52250,3
Bradi3g42900,3
Bradi1g65120,3
Bradi3g43560,3
Bradi3g45651,3
Bradi2g01090,3
Bradi2g01050,3
Bradi2g00590,3
Bradi2g00250,3
Bradi1g77690,3
Bradi1g77580,3
Bradi4g01590,3
Bradi4g02940,3
Bradi1g76465,3
Bradi1g75660,3
Bradi1g74950,3
Bradi1g72480,3
Bradi2g01764,3
Bradi1g72430,3
Bradi4g07120,3
Bradi4g07190,3
Bradi1g71210,3
Bradi1g71200,3
Bradi4g08059,3
Bradi4g08667,3
Bradi1g68940,3
Bradi4g13337,3
Bradi4g13670,3
Bradi4g13770,3
Bradi4g13910,3
Bradi1g65440,3
Bradi1g72100,3
Bradi2g02647,3
Bradi2g03080,3
Bradi3g58920,3
Bradi2g23260,3
Bradi3g46800,3
Bradi3g46838,3
Bradi2g21770,3
Bradi3g47410,3
Bradi3g48883,3
Bradi2g18150,3
Bradi2g18030,3
Bradi2g17067,3
Bradi2g16970,3
Bradi3g51140,3
Bradi3g51831,3
Bradi2g14120,3
Bradi3g52460,3
Bradi2g12280,3
Bradi2g09790,3
Bradi3g54495,3
Bradi2g09300,3
Bradi3g55140,3
Bradi3g55170,3
Bradi3g55400,3
Bradi2g08840,3
Bradi3g56527,3
Bradi2g06467,3
Bradi2g06460,3
Bradi2g05374,3
Bradi2g04767,3
Bradi3g45160,3
Bradi2g10400,3
Bradi4g06370,3
Bradi3g05170,3
Bradi4g44490,3
Bradi1g05740,3
Bradi1g21440,3
Bradi5g10690,3
Bradi4g41070,3
Bradi1g14486,3
Bradi5g09230,3
Bradi1g34920,3
Bradi1g12677,3
Bradi1g08810,3
Bradi1g20880,3
Bradi1g06366,3
Bradi5g26400,3
Bradi1g07860,3
Bradi5g09130,3
Bradi1g18930,3
Bradi5g09212,3
Bradi1g21730,3
Bradi1g18250,3
Bradi5g06277,3
Bradi5g15570,3
Bradi5g14750,3
Bradi1g14160,3
Bradi5g14701,3
Bradi1g14050,3
Bradi5g24680,3
Bradi1g22890,3
Bradi1g05340,3
Bradi1g04070,3
Bradi1g17970,3
Bradi5g09500,3
Bradi1g23780,3
Bradi5g20082,3
Bradi5g20330,3
Bradi1g13630,3
Bradi5g09320,3
Bradi1g03700,3
Bradi5g13597,3
Bradi1g19110,3
Bradi1g28715,3
Bradi1g11986,3
Bradi5g19570,3
Bradi1g06520,3
Bradi1g06755,3
Bradi4g37597,3
Bradi5g03327,3
Bradi5g12685,3
Bradi1g06851,3
Bradi1g27332,3
Bradi1g11680,3
Bradi1g06861,3
Bradi1g11210,3
Bradi5g11950,3
Bradi1g15010,3
Bradi4g43107,3
Bradi1g32933,3
Bradi5g20900,3
Bradi4g38460,3
Bradi5g12990,3
Bradi1g19660,3
Bradi4g38540,3
Bradi2g24987,7
Bradi5g16730,7
Bradi5g16817,7
Bradi2g24340,7
Bradi1g15500,7
Bradi3g47400,7
Bradi3g45080,7
Bradi1g15430,7
Bradi2g24400,7
Bradi3g45810,7
Bradi1g14220,7
Bradi3g47220,7
Bradi2g24327,7
Bradi3g45643,7
Bradi2g21340,7
Bradi1g15400,7
Bradi2g22880,7
Bradi2g24050,7
Bradi5g17500,7
Bradi1g14700,7
Bradi2g23060,7
Bradi5g17480,7
Bradi2g22670,7
Bradi5g17230,7
Bradi1g14580,7
Bradi2g22540,7
Bradi5g17080,7
Bradi2g23435,7
Bradi2g21870,7
Bradi2g23460,7
Bradi1g15050,7
Bradi3g46640,7
Bradi3g46620,7
Bradi1g15190,7
Bradi3g46922,7
Bradi2g23740,7
Bradi2g23750,7
Bradi2g23797,7
Bradi1g14370,7
Bradi2g23900,7
Bradi2g23540,7
Bradi3g44700,7
Bradi2g26406,7
Bradi2g25250,7
Bradi2g32627,7
Bradi2g32640,7
Bradi1g12550,7
Bradi3g39622,7
Bradi3g39620,7
Bradi3g39580,7
Bradi2g33260,7
Bradi1g12460,7
Bradi2g33300,7
Bradi2g33682,7
Bradi3g39300,7
Bradi3g39210,7
Bradi1g12190,7
Bradi1g12130,7
Bradi3g39110,7
Bradi2g34240,7
Bradi2g34250,7
Bradi3g38487,7
Bradi3g38493,7
Bradi3g38527,7
Bradi1g11530,7
Bradi1g11557,7
Bradi2g35850,7
Bradi2g32577,7
Bradi1g11620,7
Bradi2g35007,7
Bradi2g34900,7
Bradi1g11710,7
Bradi1g11890,7
Bradi3g38917,7
Bradi3g38950,7
Bradi1g11670,7
Bradi3g44600,7
Bradi2g32250,7
Bradi3g39950,7
Bradi2g25380,7
Bradi3g44596,7
Bradi1g14200,7
Bradi3g43060,7
Bradi3g42891,7
Bradi3g42884,7
Bradi3g42877,7
Bradi3g42400,7
Bradi1g13827,7
Bradi1g13700,7
Bradi3g42310,7
Bradi3g42180,7
Bradi5g17790,7
Bradi3g41740,7
Bradi3g41500,7
Bradi3g41377,7
Bradi3g41350,7
Bradi3g40180,7
Bradi1g12787,7
Bradi3g40190,7
Bradi2g31480,7
Bradi3g40270,7
Bradi3g40497,7
Bradi3g39870,7
Bradi2g30552,7
Bradi5g18241,7
Bradi3g40620,7
Bradi5g18206,7
Bradi5g18080,7
Bradi2g27330,7
Bradi3g40736,7
Bradi5g18490,7
Bradi5g16540,7
Bradi2g18710,7
Bradi3g47500,7
Bradi1g18910,7
Bradi5g13663,7
Bradi1g18730,7
Bradi2g09380,7
Bradi3g54807,7
Bradi5g13710,7
Bradi3g54341,7
Bradi5g13780,7
Bradi2g09860,7
Bradi3g54330,7
Bradi2g09995,7
Bradi3g54290,7
Bradi2g10240,7
Bradi2g10302,7
Bradi1g18500,7
Bradi1g18440,7
Bradi5g14040,7
Bradi2g10758,7
Bradi2g10850,7
Bradi1g18300,7
Bradi2g11100,7
Bradi3g53497,7
Bradi2g11550,7
Bradi1g18240,7
Bradi2g11860,7
Bradi2g11920,7
Bradi3g52780,7
Bradi2g12057,7
Bradi2g12150,7
Bradi3g55440,7
Bradi1g18220,7
Bradi2g08620,7
Bradi3g55810,7
Bradi3g57010,7
Bradi1g19940,7
Bradi1g19860,7
Bradi1g19816,7
Bradi2g06370,7
Bradi2g06413,7
Bradi2g06416,7
Bradi5g12120,7
Bradi3g56975,7
Bradi2g06620,7
Bradi2g06700,7
Bradi2g06740,7
Bradi2g06840,7
Bradi2g07090,7
Bradi2g07227,7
Bradi3g56522,7
Bradi5g12347,7
Bradi1g19550,7
Bradi2g07337,7
Bradi3g56470,7
Bradi2g07570,7
Bradi3g56410,7
Bradi2g07597,7
Bradi3g56380,7
Bradi3g56370,7
Bradi3g56350,7
Bradi3g56240,7
Bradi2g08300,7
Bradi5g13170,7
Bradi2g08600,7
Bradi3g52710,7
Bradi3g52697,7
Bradi1g18190,7
Bradi2g16570,7
Bradi3g50040,7
Bradi5g15942,7
Bradi3g49810,7
Bradi5g15950,7
Bradi5g16040,7
Bradi3g49797,7
Bradi2g17180,7
Bradi2g17350,7
Bradi5g16050,7
Bradi2g17540,7
Bradi2g17550,7
Bradi3g49590,7
Bradi2g18040,7
Bradi3g49480,7
Bradi1g16490,7
Bradi1g16230,7
Bradi1g15930,7
Bradi3g48880,7
Bradi5g16257,7
Bradi3g48680,7
Bradi3g48600,7
Bradi2g19540,7
Bradi2g19560,7
Bradi2g19690,7
Bradi3g48370,7
Bradi5g16510,7
Bradi3g47910,7
Bradi3g47770,7
Bradi2g16560,7
Bradi5g15850,7
Bradi2g16337,7
Bradi3g50110,7
Bradi3g52650,7
Bradi5g14160,7
Bradi4g37110,7
Bradi5g14367,7
Bradi2g13510,7
Bradi2g13520,7
Bradi2g13523,7
Bradi3g52266,7
Bradi3g52016,7
Bradi5g14590,7
Bradi2g14220,7
Bradi2g14330,7
Bradi2g14500,7
Bradi2g14520,7
Bradi3g47450,7
Bradi2g14567,7
Bradi3g51520,7
Bradi2g14940,7
Bradi1g17243,7
Bradi5g15640,7
Bradi3g51130,7
Bradi2g15690,7
Bradi3g51090,7
Bradi3g50857,7
Bradi3g50850,7
Bradi2g15890,7
Bradi2g16005,7
Bradi2g16120,7
Bradi2g16130,7
Bradi3g50230,7
Bradi2g14650,7
Bradi2g36770,7
Bradi2g39132,7
Bradi3g38090,7
Bradi3g16927,7
Bradi2g56890,7
Bradi2g57100,7
Bradi3g16900,7
Bradi2g57470,7
Bradi3g16740,7
Bradi3g16690,7
Bradi2g57630,7
Bradi3g16620,7
Bradi5g24770,7
Bradi3g16400,7
Bradi1g04790,7
Bradi2g57730,7
Bradi2g57800,7
Bradi1g04780,7
Bradi1g04660,7
Bradi5g25040,7
Bradi3g14780,7
Bradi5g25730,7
Bradi2g59119,7
Bradi5g25720,7
Bradi2g59080,7
Bradi1g03900,7
Bradi3g17200,7
Bradi3g14946,7
Bradi2g58690,7
Bradi3g15040,7
Bradi3g15180,7
Bradi3g15473,7
Bradi3g15560,7
Bradi3g15670,7
Bradi2g58742,7
Bradi2g59340,7
Bradi1g05180,7
Bradi3g17560,7
Bradi3g21944,7
Bradi2g53210,7
Bradi2g53260,7
Bradi3g21730,7
Bradi3g21597,7
Bradi2g53590,7
Bradi5g23158,7
Bradi3g21230,7
Bradi3g20810,7
Bradi3g20677,7
Bradi3g20590,7
Bradi5g23166,7
Bradi5g23182,7
Bradi2g54400,7
Bradi2g54430,7
Bradi5g23600,7
Bradi5g24027,7
Bradi3g17750,7
Bradi2g56037,7
Bradi3g17762,7
Bradi2g55940,7
Bradi3g18240,7
Bradi3g19202,7
Bradi2g56620,7
Bradi2g55260,7
Bradi3g19560,7
Bradi2g55050,7
Bradi3g19620,7
Bradi2g54927,7
Bradi5g27570,7
Bradi5g24070,7
Bradi2g55120,7
Bradi3g22040,7
Bradi3g14722,7
Bradi1g03600,7
Bradi1g01870,7
Bradi3g01470,7
Bradi3g01477,7
Bradi3g01483,7
Bradi3g09310,7
Bradi5g26560,7
Bradi5g26610,7
Bradi1g01750,7
Bradi3g08690,7
Bradi3g08680,7
Bradi3g02210,7
Bradi3g02226,7
Bradi3g08390,7
Bradi3g08317,7
Bradi3g02786,7
Bradi3g02790,7
Bradi3g02795,7
Bradi3g05020,7
Bradi3g05010,7
Bradi3g04930,7
Bradi5g27430,7
Bradi5g27220,7
Bradi5g27110,7
Bradi3g09430,7
Bradi3g07000,7
Bradi3g07280,7
Bradi3g07350,7
Bradi1g01600,7
Bradi3g07595,7
Bradi5g26720,7
Bradi3g08120,7
Bradi1g00950,7
Bradi1g03620,7
Bradi3g01110,7
Bradi1g02570,7
Bradi3g14650,7
Bradi3g14360,7
Bradi1g03560,7
Bradi2g60331,7
Bradi2g60340,7
Bradi2g60456,7
Bradi2g60497,7
Bradi3g14150,7
Bradi3g14140,7
Bradi5g26023,7
Bradi2g60790,7
Bradi2g60870,7
Bradi3g13810,7
Bradi3g13275,7
Bradi3g13220,7
Bradi3g12450,7
Bradi2g61190,7
Bradi1g02635,7
Bradi5g26410,7
Bradi3g00282,7
Bradi1g02697,7
Bradi2g62660,7
Bradi1g02730,7
Bradi3g09790,7
Bradi2g62450,7
Bradi3g10037,7
Bradi2g62067,7
Bradi2g61980,7
Bradi1g02800,7
Bradi1g03030,7
Bradi2g61710,7
Bradi2g62400,7
Bradi3g22043,7
Bradi2g52940,7
Bradi2g52930,7
Bradi2g42630,7
Bradi3g35236,7
Bradi1g09970,7
Bradi2g43030,7
Bradi2g43040,7
Bradi2g43150,7
Bradi2g43230,7
Bradi2g43330,7
Bradi3g34750,7
Bradi2g43690,7
Bradi3g34720,7
Bradi3g34615,7
Bradi1g09737,7
Bradi2g43917,7
Bradi5g19727,7
Bradi2g44540,7
Bradi3g33582,7
Bradi1g09030,7
Bradi1g09042,7
Bradi3g32210,7
Bradi2g46306,7
Bradi2g46120,7
Bradi2g45890,7
Bradi1g10140,7
Bradi2g45710,7
Bradi3g33047,7
Bradi5g20074,7
Bradi3g33080,7
Bradi2g45100,7
Bradi1g09460,7
Bradi5g20040,7
Bradi2g45420,7
Bradi2g47000,7
Bradi2g42380,7
Bradi2g42080,7
Bradi2g37320,7
Bradi2g37327,7
Bradi2g37460,7
Bradi3g37770,7
Bradi3g37680,7
Bradi2g38330,7
Bradi3g37670,7
Bradi2g38470,7
Bradi3g37480,7
Bradi3g37470,7
Bradi2g05927,7
Bradi2g39290,7
Bradi3g37390,7
Bradi2g39830,7
Bradi3g37240,7
Bradi3g37130,7
Bradi5g19600,7
Bradi2g41945,7
Bradi2g41941,7
Bradi3g35670,7
Bradi3g35680,7
Bradi2g41590,7
Bradi3g35700,7
Bradi1g10150,7
Bradi5g19640,7
Bradi1g10580,7
Bradi1g10600,7
Bradi5g19610,7
Bradi5g19605,7
Bradi3g35980,7
Bradi3g36200,7
Bradi2g41270,7
Bradi3g31850,7
Bradi1g09000,7
Bradi2g47290,7
Bradi2g49906,7
Bradi1g07495,7
Bradi2g49930,7
Bradi3g27720,7
Bradi3g27700,7
Bradi3g27625,7
Bradi5g21350,7
Bradi1g07400,7
Bradi3g27610,7
Bradi2g50290,7
Bradi2g50440,7
Bradi1g07160,7
Bradi2g50670,7
Bradi2g50850,7
Bradi5g22730,7
Bradi3g27000,7
Bradi3g26967,7
Bradi2g52920,7
Bradi2g52790,7
Bradi3g22070,7
Bradi3g22560,7
Bradi2g52330,7
Bradi2g52300,7
Bradi2g49870,7
Bradi1g06780,7
Bradi2g52130,7
Bradi2g52030,7
Bradi5g22820,7
Bradi3g26920,7
Bradi3g26952,7
Bradi2g51530,7
Bradi3g24676,7
Bradi1g07550,7
Bradi3g27825,7
Bradi3g28070,7
Bradi2g48260,7
Bradi3g30180,7
Bradi1g08550,7
Bradi2g47980,7
Bradi5g20300,7
Bradi2g47660,7
Bradi5g20620,7
Bradi3g30730,7
Bradi1g08988,7
Bradi3g31500,7
Bradi2g47440,7
Bradi3g31510,7
Bradi3g31520,7
Bradi3g31590,7
Bradi5g20197,7
Bradi3g38290,7
Bradi3g29120,7
Bradi2g48730,7
Bradi3g28200,7
Bradi3g28220,7
Bradi5g20820,7
Bradi1g08070,7
Bradi1g08120,7
Bradi1g08145,7
Bradi3g28350,7
Bradi1g08150,7
Bradi2g48990,7
Bradi2g48940,7
Bradi5g20660,7
Bradi2g48840,7
Bradi2g48740,7
Bradi2g48735,7
Bradi2g49000,7
Bradi1g19960,7
Bradi1g36610,7
Bradi1g62360,7
Bradi1g68710,7
Bradi4g20800,7
Bradi4g30350,7
Bradi1g30580,7
Bradi1g25440,7
Bradi1g28100,7
Bradi1g69040,7
Bradi4g41160,7
Bradi4g30930,7
Bradi1g62385,7
Bradi1g69160,7
Bradi1g49760,7
Bradi4g44250,7
Bradi1g49680,7
Bradi5g07160,7
Bradi1g69407,7
Bradi1g69420,7
Bradi5g07170,7
Bradi1g49663,7
Bradi1g50590,7
Bradi1g49657,7
Bradi4g29920,7
Bradi1g33017,7
Bradi4g41717,7
Bradi1g25600,7
Bradi4g41580,7
Bradi4g41430,7
Bradi4g12600,7
Bradi1g32800,7
Bradi4g12250,7
Bradi1g62430,7
Bradi4g12050,7
Bradi1g51245,7
Bradi1g62420,7
Bradi1g68010,7
Bradi5g07146,7
Bradi1g68210,7
Bradi4g29580,7
Bradi1g32830,7
Bradi4g29720,7
Bradi1g68330,7
Bradi1g68340,7
Bradi4g10663,7
Bradi1g69740,7
Bradi4g41030,7
Bradi4g40250,7
Bradi1g61850,7
Bradi4g31380,7
Bradi4g06510,7
Bradi4g20980,7
Bradi1g33650,7
Bradi3g05390,7
Bradi4g06300,7
Bradi4g21005,7
Bradi1g72390,7
Bradi1g48370,7
Bradi4g31440,7
Bradi1g59690,7
Bradi4g31820,7
Bradi1g72449,7
Bradi1g48050,7
Bradi5g01270,7
Bradi1g47910,7
Bradi1g47830,7
Bradi1g57750,7
Bradi4g07100,7
Bradi1g71540,7
Bradi1g61973,7
Bradi1g23910,7
Bradi4g08917,7
Bradi5g07840,7
Bradi1g25117,7
Bradi1g24920,7
Bradi5g07996,7
Bradi4g08640,7
Bradi4g08395,7
Bradi1g59420,7
Bradi4g08220,7
Bradi1g52150,7
Bradi1g49470,7
Bradi4g07911,7
Bradi1g49172,7
Bradi5g08600,7
Bradi4g07397,7
Bradi4g24967,7
Bradi1g28130,7
Bradi4g07380,7
Bradi4g31240,7
Bradi1g23960,7
Bradi4g31110,7
Bradi1g33700,7
Bradi1g52210,7
Bradi1g67205,7
Bradi4g17020,7
Bradi1g55876,7
Bradi4g16690,7
Bradi4g16630,7
Bradi1g62830,7
Bradi4g27720,7
Bradi4g16440,7
Bradi1g31066,7
Bradi1g64850,7
Bradi1g64927,7
Bradi1g62800,7
Bradi1g55488,7
Bradi5g03156,7
Bradi1g31210,7
Bradi4g28000,7
Bradi1g65300,7
Bradi4g15350,7
Bradi5g01737,7
Bradi4g28057,7
Bradi1g56137,7
Bradi1g26197,7
Bradi4g43980,7
Bradi1g64140,7
Bradi1g63060,7
Bradi1g63080,7
Bradi4g19457,7
Bradi4g19197,7
Bradi1g57470,7
Bradi4g25750,7
Bradi4g19947,7
Bradi1g30690,7
Bradi1g30710,7
Bradi1g58210,7
Bradi4g26390,7
Bradi1g56860,7
Bradi1g63850,7
Bradi1g30882,7
Bradi1g62850,7
Bradi4g44120,7
Bradi1g56720,7
Bradi4g17230,7
Bradi1g58230,7
Bradi1g56660,7
Bradi4g28070,7
Bradi1g54931,7
Bradi1g65725,7
Bradi1g25860,7
Bradi1g53654,7
Bradi1g66920,7
Bradi1g66930,7
Bradi1g31710,7
Bradi4g25440,7
Bradi1g66980,7
Bradi1g66990,7
Bradi1g28090,7
Bradi4g28700,7
Bradi1g67080,7
Bradi1g32180,7
Bradi4g28830,7
Bradi1g67110,7
Bradi1g52690,7
Bradi1g67120,7
Bradi1g67127,7
Bradi1g67200,7
Bradi4g29140,7
Bradi1g53700,7
Bradi4g13787,7
Bradi1g66640,7
Bradi1g66590,7
Bradi4g28270,7
Bradi1g54800,7
Bradi1g54420,7
Bradi1g65780,7
Bradi1g54380,7
Bradi4g20160,7
Bradi4g14490,7
Bradi1g65860,7
Bradi1g26190,7
Bradi1g52367,7
Bradi1g54250,7
Bradi1g65950,7
Bradi1g26030,7
Bradi4g28570,7
Bradi1g31460,7
Bradi1g66100,7
Bradi1g66340,7
Bradi1g66450,7
Bradi5g04070,7
Bradi1g66533,7
Bradi1g30640,7
Bradi5g08630,7
Bradi1g33690,7
Bradi1g30190,7
Bradi4g35470,7
Bradi4g35477,7
Bradi1g21320,7
Bradi1g35890,7
Bradi4g38350,7
Bradi5g10952,7
Bradi1g21040,7
Bradi4g35490,7
Bradi1g29910,7
Bradi3g60080,7
Bradi1g60160,7
Bradi5g10980,7
Bradi1g36160,7
Bradi1g29506,7
Bradi2g02720,7
Bradi2g02822,7
Bradi4g35810,7
Bradi2g02870,7
Bradi5g11230,7
Bradi2g01781,7
Bradi3g59970,7
Bradi5g10590,7
Bradi1g21580,7
Bradi1g42707,7
Bradi2g00455,7
Bradi1g60050,7
Bradi1g22050,7
Bradi1g21990,7
Bradi1g21850,7
Bradi1g42640,7
Bradi4g34800,7
Bradi4g34927,7
Bradi2g00881,7
Bradi1g21610,7
Bradi1g42513,7
Bradi1g60090,7
Bradi1g42397,7
Bradi1g42390,7
Bradi4g38770,7
Bradi1g42254,7
Bradi1g41957,7
Bradi1g41907,7
Bradi1g41115,7
Bradi1g38227,7
Bradi4g36077,7
Bradi1g20690,7
Bradi4g36800,7
Bradi3g57600,7
Bradi2g04950,7
Bradi3g57500,7
Bradi3g57480,7
Bradi5g11740,7
Bradi1g37010,7
Bradi2g05200,7
Bradi2g05226,7
Bradi1g36920,7
Bradi2g05357,7
Bradi5g11830,7
Bradi2g05520,7
Bradi2g05590,7
Bradi3g57425,7
Bradi3g57420,7
Bradi3g57370,7
Bradi3g57230,7
Bradi4g37430,7
Bradi4g36710,7
Bradi4g36410,7
Bradi3g57850,7
Bradi4g36370,7
Bradi4g36120,7
Bradi4g36240,7
Bradi2g03070,7
Bradi1g20580,7
Bradi1g38000,7
Bradi2g03290,7
Bradi2g03357,7
Bradi1g37990,7
Bradi1g37967,7
Bradi1g47450,7
Bradi2g03610,7
Bradi3g59300,7
Bradi3g58960,7
Bradi1g20440,7
Bradi2g04197,7
Bradi3g58760,7
Bradi3g58700,7
Bradi3g58670,7
Bradi3g58107,7
Bradi1g29800,7
Bradi5g11261,7
Bradi1g22260,7
Bradi2g00220,7
Bradi4g00800,7
Bradi1g34610,7
Bradi4g03810,7
Bradi1g34825,7
Bradi1g45410,7
Bradi1g45338,7
Bradi5g00810,7
Bradi1g45320,7
Bradi1g45220,7
Bradi1g76292,7
Bradi4g33490,7
Bradi1g34830,7
Bradi4g03303,7
Bradi4g03220,7
Bradi4g33540,7
Bradi4g45310,7
Bradi1g76500,7
Bradi1g76580,7
Bradi4g03172,7
Bradi4g33820,7
Bradi1g75790,7
Bradi1g75770,7
Bradi4g04030,7
Bradi1g75290,7
Bradi4g44410,7
Bradi4g05792,7
Bradi1g73935,7
Bradi1g33827,7
Bradi1g33840,7
Bradi1g73960,7
Bradi1g33860,7
Bradi1g46690,7
Bradi1g46560,7
Bradi4g00730,7
Bradi1g59850,7
Bradi1g46195,7
Bradi1g23400,7
Bradi4g32698,7
Bradi4g32730,7
Bradi1g28620,7
Bradi4g05450,7
Bradi1g74590,7
Bradi4g05000,7
Bradi1g23390,7
Bradi4g32530,7
Bradi4g02587,7
Bradi4g25745,7
Bradi4g02570,7
Bradi5g10040,7
Bradi4g38860,7
Bradi1g43607,7
Bradi4g34750,7
Bradi1g22300,7
Bradi1g59970,7
Bradi4g23217,7
Bradi1g78240,7
Bradi1g22270,7
Bradi1g78260,7
Bradi1g43220,7
Bradi4g01080,7
Bradi4g01035,7
Bradi1g78530,7
Bradi4g45010,7
Bradi1g43090,7
Bradi4g00950,7
Bradi4g44870,7
Bradi4g00940,7
Bradi1g76901,7
Bradi4g38880,7
Bradi1g22440,7
Bradi1g22680,7
Bradi1g59880,7
Bradi1g44207,7
Bradi1g44090,7
Bradi4g34100,7
Bradi1g44000,7
Bradi1g43990,7
Bradi1g22880,7
Bradi4g02350,7
Bradi4g34150,7
Bradi1g77330,7
Bradi4g39060,7
Bradi4g39150,7
Bradi4g34420,7
Bradi1g77370,7
Bradi4g02000,7
Bradi1g22700,7
Bradi4g01810,7
Bradi4g34360,7
Bradi3g34077,9
Bradi3g33150,9
Bradi4g25140,9
Bradi4g25120,9
Bradi1g59870,9
Bradi1g58550,9
Bradi4g44390,9
Bradi2g55020,9
Bradi1g08570,9
Bradi2g55430,9
Bradi2g55990,9
Bradi2g56260,9
Bradi1g47250,9
Bradi1g47210,9
Bradi2g57650,9
Bradi3g16307,9
Bradi1g04140,9
Bradi3g14990,9
Bradi1g44430,9
Bradi5g25920,9
Bradi2g61240,9
Bradi3g11337,9
Bradi3g11060,9
Bradi1g42760,9
Bradi3g11007,9
Bradi3g10020,9
Bradi1g42467,9
Bradi3g09210,9
Bradi4g35680,9
Bradi4g35780,9
Bradi1g01310,9
Bradi5g27260,9
Bradi1g05680,9
Bradi2g47590,9
Bradi2g55250,9
Bradi1g49010,9
Bradi1g08480,9
Bradi1g56807,9
Bradi1g08310,9
Bradi1g55720,9
Bradi5g21290,9
Bradi1g55260,9
Bradi4g28320,9
Bradi4g28560,9
Bradi4g42280,9
Bradi1g53540,9
Bradi4g42187,9
Bradi2g53050,9
Bradi1g06560,9
Bradi4g41340,9
Bradi1g50057,9
Bradi4g30380,9
Bradi1g06340,9
Bradi3g20106,9
Bradi3g20101,9
Bradi1g06050,9
Bradi1g49537,9
Bradi4g40090,9
Bradi3g34160,9
Bradi4g31360,9
Bradi3g34280,9
Bradi2g05880,9
Bradi2g11080,9
Bradi3g39420,9
Bradi2g33450,9
Bradi3g39380,9
Bradi5g19000,9
Bradi1g65461,9
Bradi2g34790,9
Bradi1g72910,9
Bradi4g16560,9
Bradi2g01850,9
Bradi2g19460,9
Bradi5g13860,9
Bradi3g50420,9
Bradi2g36600,9
Bradi3g54720,9
Bradi3g55090,9
Bradi3g38060,9
Bradi1g63927,9
Bradi5g02460,9
Bradi1g11090,9
Bradi3g59810,9
Bradi2g03009,9
Bradi3g50810,9
Bradi2g33100,9
Bradi3g39630,9
Bradi2g15420,9
Bradi1g69250,9
Bradi1g69870,9
Bradi5g17610,9
Bradi1g69140,9
Bradi1g25400,9
Bradi1g25447,9
Bradi2g15300,9
Bradi2g25470,9
Bradi1g77710,9
Bradi5g14580,9
Bradi2g37970,9
Bradi1g23990,9
Bradi1g71370,9
Bradi3g42060,9
Bradi2g26660,9
Bradi3g52367,9
Bradi1g67440,9
Bradi3g52600,9
Bradi3g40820,9
Bradi3g52760,9
Bradi2g44300,9
Bradi2g00740,9
Bradi5g17640,9
Bradi3g37830,9
Bradi5g15710,9
Bradi3g51777,9
Bradi3g57763,9
Bradi3g49320,9
Bradi4g20884,9
Bradi1g16480,9
Bradi3g49220,9
Bradi1g62380,9
Bradi4g44860,9
Bradi5g16100,9
Bradi3g36480,9
Bradi5g19680,9
Bradi2g17982,9
Bradi2g41288,9
Bradi1g28490,9
Bradi1g60750,9
Bradi1g20480,9
Bradi3g56811,9
Bradi1g20050,9
Bradi1g75900,9
Bradi2g62090,12
Bradi1g73970,12
Bradi2g45780,12
Bradi2g52295,12
Bradi2g62170,12
Bradi2g27977,12
Bradi1g77120,12
Bradi2g62078,12
Bradi3g26396,12
Bradi5g25145,12
Bradi1g71920,12
Bradi3g53601,12
Bradi2g62520,12
Bradi1g43955,12
Bradi3g53650,12
Bradi1g76020,12
Bradi1g42670,12
Bradi1g43630,12
Bradi2g45450,12
Bradi5g22950,12
Bradi1g00700,12
Bradi5g08580,12
Bradi2g44930,12
Bradi3g14330,12
Bradi4g44826,12
Bradi5g26230,12
Bradi4g23367,12
Bradi1g68860,12
Bradi4g08320,12
Bradi3g05437,12
Bradi2g18740,12
Bradi2g21880,12
Bradi5g22940,12
Bradi3g11050,12
Bradi2g21750,12
Bradi3g05480,12
Bradi1g06670,12
Bradi3g05880,12
Bradi2g47880,12
Bradi2g51010,12
Bradi1g05620,12
Bradi2g02050,12
Bradi4g32090,12
Bradi2g40582,12
Bradi3g49170,12
Bradi2g47410,12
Bradi2g09060,12
Bradi3g55840,12
Bradi2g39710,12
Bradi5g19560,12
Bradi4g35930,12
Bradi4g26366,12
Bradi3g49204,12
Bradi2g57027,12
Bradi4g03610,12
Bradi1g57760,12
Bradi2g48030,12
Bradi1g62910,12
Bradi4g36127,12
Bradi1g23470,12
Bradi2g10810,12
Bradi2g55450,12
Bradi3g48447,12
Bradi4g28345,12
Bradi1g07140,12
Bradi3g35590,12
Bradi2g41500,12
Bradi1g10170,12
Bradi1g54440,12
Bradi5g19180,12
Bradi4g14556,12
Bradi1g65580,12
Bradi3g32200,12
Bradi3g07196,12
Bradi1g23610,12
Bradi5g25403,15
Bradi4g34140,15
Bradi3g51510,15
Bradi5g09353,15
Bradi4g39197,15
Bradi4g33670,15
Bradi4g03530,15
Bradi4g03390,15
Bradi3g51387,15
Bradi4g39260,15
Bradi4g33440,15
Bradi3g50080,15
Bradi3g51230,15
Bradi4g33899,15
Bradi4g33903,15
Bradi3g51362,15
Bradi4g33550,15
Bradi4g03665,15
Bradi4g03660,15
Bradi3g14830,15
Bradi4g33505,15
Bradi4g44496,15
Bradi5g14870,15
Bradi5g26435,15
Bradi4g35363,15
Bradi3g53900,15
Bradi5g13900,15
Bradi3g60290,15
Bradi5g10955,15
Bradi3g54540,15
Bradi3g08870,15
Bradi4g37990,15
Bradi4g37870,15
Bradi5g13340,15
Bradi3g07680,15
Bradi3g59390,15
Bradi3g57990,15
Bradi5g26930,15
Bradi5g11350,15
Bradi4g36390,15
Bradi3g56497,15
Bradi4g37540,15
Bradi3g06240,15
Bradi3g06230,15
Bradi3g05767,15
Bradi3g05760,15
Bradi5g11516,15
Bradi4g36880,15
Bradi3g56917,15
Bradi3g57440,15
Bradi5g10477,15
Bradi3g14090,15
Bradi3g09736,15
Bradi3g60910,15
Bradi5g14850,15
Bradi4g01370,15
Bradi5g26047,15
Bradi3g51963,15
Bradi3g13633,15
Bradi3g13384,15
Bradi3g51970,15
Bradi3g52190,15
Bradi3g11900,15
Bradi4g01100,15
Bradi5g14260,15
Bradi3g52437,15
Bradi5g10421,15
Bradi3g10810,15
Bradi3g10743,15
Bradi3g52960,15
Bradi4g00480,15
Bradi4g00467,15
Bradi4g05157,15
Bradi3g53696,15
Bradi3g53702,15
Bradi3g60930,15
Bradi4g35162,15
Bradi3g09850,15
Bradi4g35230,15
Bradi3g09840,15
Bradi3g09830,15
Bradi3g09770,15
Bradi5g25100,15
Bradi3g19530,15
Bradi4g32846,15
Bradi4g17260,15
Bradi3g38450,15
Bradi4g27050,15
Bradi4g27110,15
Bradi5g19410,15
Bradi5g02600,15
Bradi4g27621,15
Bradi5g02890,15
Bradi5g03036,15
Bradi4g27622,15
Bradi4g27624,15
Bradi3g38640,15
Bradi4g27897,15
Bradi4g27920,15
Bradi3g28050,15
Bradi5g03090,15
Bradi4g16230,15
Bradi5g19340,15
Bradi5g03370,15
Bradi4g14920,15
Bradi5g21475,15
Bradi4g43960,15
Bradi3g27400,15
Bradi4g28340,15
Bradi3g27292,15
Bradi4g14040,15
Bradi4g43460,15
Bradi3g39920,15
Bradi5g04407,15
Bradi4g17435,15
Bradi4g26410,15
Bradi4g44178,15
Bradi3g29797,15
Bradi4g23937,15
Bradi4g24350,15
Bradi5g19960,15
Bradi3g33735,15
Bradi3g33716,15
Bradi3g33630,15
Bradi4g23763,15
Bradi3g33330,15
Bradi4g44470,15
Bradi3g34850,15
Bradi4g23107,15
Bradi5g19660,15
Bradi4g22090,15
Bradi5g01180,15
Bradi5g04560,15
Bradi3g33040,15
Bradi3g35340,15
Bradi3g31920,15
Bradi3g57225,15
Bradi3g31750,15
Bradi3g35740,15
Bradi4g25490,15
Bradi4g20539,15
Bradi4g25630,15
Bradi3g37457,15
Bradi4g19560,15
Bradi4g18307,15
Bradi5g02100,15
Bradi3g37940,15
Bradi5g02115,15
Bradi3g32845,15
Bradi3g40330,15
Bradi3g25597,15
Bradi5g18870,15
Bradi3g19760,15
Bradi5g08260,15
Bradi5g08510,15
Bradi5g16860,15
Bradi3g19535,15
Bradi4g06942,15
Bradi4g06750,15
Bradi4g06420,15
Bradi3g47362,15
Bradi3g47605,15
Bradi3g17935,15
Bradi5g24120,15
Bradi3g47646,15
Bradi5g08622,15
Bradi5g23950,15
Bradi4g06280,15
Bradi5g24660,15
Bradi4g06000,15
Bradi5g09000,15
Bradi4g05960,15
Bradi4g32267,15
Bradi3g16783,15
Bradi4g39764,15
Bradi3g16730,15
Bradi4g39762,15
Bradi4g32315,15
Bradi4g05675,15
Bradi4g05640,15
Bradi4g39310,15
Bradi4g32759,15
Bradi4g06063,15
Bradi4g32901,15
Bradi4g08979,15
Bradi4g09417,15
Bradi5g18837,15
Bradi5g18750,15
Bradi3g40610,15
Bradi5g18235,15
Bradi5g17840,15
Bradi4g13580,15
Bradi3g22930,15
Bradi3g22707,15
Bradi3g22692,15
Bradi3g40920,15
Bradi4g13521,15
Bradi3g22050,15
Bradi4g29540,15
Bradi4g13060,15
Bradi3g46070,15
Bradi5g06628,15
Bradi3g22023,15
Bradi4g11367,15
Bradi4g11360,15
Bradi4g11320,15
Bradi4g10655,15
Bradi3g43822,15
Bradi3g21337,15
Bradi4g10013,15
Bradi4g30578,15
Bradi5g17580,15
Bradi4g09567,15
Bradi4g09490,15
Bradi5g23430,15
Bradi5g07175,15
Bradi4g11694,15
Bradi3g52410,15
Bradi2g54920,15
Bradi3g04987,15
Bradi2g25111,15
Bradi1g33380,15
Bradi1g33330,15
Bradi1g31890,15
Bradi1g31700,15
Bradi2g26090,15
Bradi2g26220,15
Bradi2g26280,15
Bradi2g26386,15
Bradi2g26460,15
Bradi2g26645,15
Bradi2g26952,15
Bradi2g27140,15
Bradi1g30980,15
Bradi2g30590,15
Bradi1g65955,15
Bradi2g31250,15
Bradi2g31735,15
Bradi2g31737,15
Bradi2g33030,15
Bradi2g33060,15
Bradi2g25097,15
Bradi2g24860,15
Bradi2g24710,15
Bradi2g23650,15
Bradi1g38210,15
Bradi2g15877,15
Bradi2g16670,15
Bradi2g18095,15
Bradi1g36890,15
Bradi2g18130,15
Bradi2g18290,15
Bradi2g18820,15
Bradi2g19280,15
Bradi1g36520,15
Bradi2g33110,15
Bradi2g19360,15
Bradi1g36325,15
Bradi1g36130,15
Bradi1g36050,15
Bradi1g35940,15
Bradi1g35616,15
Bradi1g35612,15
Bradi2g21400,15
Bradi1g35357,15
Bradi2g21728,15
Bradi1g34500,15
Bradi1g36430,15
Bradi2g34150,15
Bradi2g35013,15
Bradi1g29340,15
Bradi2g47191,15
Bradi2g47310,15
Bradi2g47403,15
Bradi1g22180,15
Bradi2g48220,15
Bradi2g48230,15
Bradi1g21416,15
Bradi2g48320,15
Bradi1g20930,15
Bradi2g49320,15
Bradi1g23683,15
Bradi2g49326,15
Bradi2g50070,15
Bradi1g19640,15
Bradi1g19240,15
Bradi2g51716,15
Bradi2g51870,15
Bradi1g19130,15
Bradi2g52180,15
Bradi1g18960,15
Bradi2g52336,15
Bradi1g18640,15
Bradi1g20390,15
Bradi2g15490,15
Bradi1g24590,15
Bradi1g25180,15
Bradi2g36720,15
Bradi1g28743,15
Bradi2g38124,15
Bradi1g28540,15
Bradi2g38254,15
Bradi2g38426,15
Bradi1g27320,15
Bradi2g39970,15
Bradi2g40441,15
Bradi1g27220,15
Bradi2g45143,15
Bradi2g40537,15
Bradi2g41530,15
Bradi2g41900,15
Bradi2g42023,15
Bradi2g42870,15
Bradi1g25990,15
Bradi2g43480,15
Bradi2g43750,15
Bradi1g25647,15
Bradi2g44360,15
Bradi2g44530,15
Bradi2g41087,15
Bradi1g18632,15
Bradi1g38321,15
Bradi1g39222,15
Bradi1g74790,15
Bradi1g76200,15
Bradi1g60662,15
Bradi1g76294,15
Bradi1g59740,15
Bradi1g59587,15
Bradi1g58849,15
Bradi1g58430,15
Bradi1g77170,15
Bradi1g77420,15
Bradi1g77435,15
Bradi1g78340,15
Bradi1g56922,15
Bradi1g78675,15
Bradi1g56800,15
Bradi1g78697,15
Bradi1g56680,15
Bradi2g00600,15
Bradi2g00677,15
Bradi2g01497,15
Bradi2g01610,15
Bradi1g61350,15
Bradi1g61390,15
Bradi1g61497,15
Bradi3g05060,15
Bradi1g66490,15
Bradi1g66677,15
Bradi1g67230,15
Bradi1g67620,15
Bradi1g67640,15
Bradi1g67730,15
Bradi1g67980,15
Bradi1g65431,15
Bradi1g68255,15
Bradi1g69540,15
Bradi1g55370,15
Bradi1g69770,15
Bradi1g63100,15
Bradi1g70790,15
Bradi1g70933,15
Bradi1g71110,15
Bradi1g62880,15
Bradi1g62574,15
Bradi1g62572,15
Bradi1g62220,15
Bradi1g61810,15
Bradi1g71860,15
Bradi1g70170,15
Bradi2g02916,15
Bradi2g02963,15
Bradi1g54350,15
Bradi2g08000,15
Bradi1g47270,15
Bradi1g47067,15
Bradi1g46523,15
Bradi2g08950,15
Bradi1g46220,15
Bradi1g45990,15
Bradi2g10520,15
Bradi1g45125,15
Bradi2g11012,15
Bradi2g07577,15
Bradi2g11060,15
Bradi1g44015,15
Bradi2g12340,15
Bradi2g12482,15
Bradi1g42550,15
Bradi2g13767,15
Bradi2g13820,15
Bradi2g13827,15
Bradi1g41980,15
Bradi2g14353,15
Bradi2g14840,15
Bradi1g44137,15
Bradi1g38340,15
Bradi2g07272,15
Bradi1g48090,15
Bradi2g02990,15
Bradi1g54147,15
Bradi1g54106,15
Bradi2g03400,15
Bradi1g54100,15
Bradi1g53290,15
Bradi1g52860,15
Bradi2g03920,15
Bradi1g50840,15
Bradi1g50832,15
Bradi2g07250,15
Bradi1g50826,15
Bradi1g50130,15
Bradi2g04910,15
Bradi1g50045,15
Bradi2g05270,15
Bradi1g49966,15
Bradi1g49935,15
Bradi2g06010,15
Bradi1g49590,15
Bradi1g48870,15
Bradi1g48810,15
Bradi1g50780,15
Bradi1g18531,15
Bradi1g30965,15
Bradi1g09609,15
Bradi1g07120,15
Bradi1g07126,15
Bradi2g61727,15
Bradi1g03710,15
Bradi1g12280,15
Bradi2g57880,15
Bradi3g03180,15
Bradi2g57987,15
Bradi3g03270,15
Bradi1g07080,15
Bradi2g61485,15
Bradi1g17050,15
Bradi3g03400,15
Bradi1g12000,15
Bradi1g03170,15
Bradi2g54138,15
Bradi2g54120,15
Bradi3g03587,15
Bradi3g03740,15
Bradi1g11310,15
Bradi1g16770,15
Bradi1g15615,15
Bradi1g06980,15
Bradi1g12850,15
Bradi1g06235,15
Bradi3g01419,15
Bradi1g13440,15
Bradi2g56347,15
Bradi3g00804,15
Bradi1g14250,15
Bradi3g01570,15
Bradi2g59960,15
Bradi3g00697,15
Bradi3g01783,15
Bradi1g14750,15
Bradi1g14780,15
Bradi1g06410,15
Bradi3g02000,15
Bradi2g62341,15
Bradi1g06550,15
Bradi1g12880,15
Bradi1g12875,15
Bradi3g02200,15
Bradi1g05141,15
Bradi3g02410,15
Bradi1g10960,15
Bradi1g01780,15
Bradi1g03235,15
Bradi2g60920,15
Bradi1g01220,15
Bradi2g60070,15
Bradi3g03800,15
Bradi1g01110,15
Bradi2g58565,15
Bradi1g09603,15
Bradi3g04223,15
Bradi1g08357,15
Bradi1g17840,15
Bradi1g08370,15
Bradi2g58770,15
Bradi2g59220,15
Bradi1g00530,15
Bradi1g00341,15
Bradi3g03953,15
Bradi2g60630,15
Bradi1g10840,15
Bradi2g53100,15
Bradi2g60970,15
Bradi1g38150,16
Bradi4g31590,16
Bradi4g35950,16
Bradi4g31540,16
Bradi1g06637,16
Bradi1g41993,16
Bradi4g35940,16
Bradi4g31727,16
Bradi1g48070,16
Bradi5g23027,16
Bradi5g20177,16
Bradi4g31970,16
Bradi1g47580,16
Bradi1g38297,16
Bradi1g08907,16
Bradi1g47180,16
Bradi5g22590,16
Bradi4g31600,16
Bradi1g38090,16
Bradi1g49060,16
Bradi1g48826,16
Bradi5g23836,16
Bradi4g30060,16
Bradi1g06160,16
Bradi1g37600,16
Bradi1g50067,16
Bradi5g23340,16
Bradi1g37620,16
Bradi4g30480,16
Bradi1g37826,16
Bradi4g36250,16
Bradi1g38025,16
Bradi1g49990,16
Bradi5g23066,16
Bradi1g06250,16
Bradi4g30750,16
Bradi4g36180,16
Bradi4g36137,16
Bradi1g38050,16
Bradi4g31040,16
Bradi1g49620,16
Bradi1g06280,16
Bradi1g49350,16
Bradi4g31130,16
Bradi4g31140,16
Bradi1g46260,16
Bradi5g23077,16
Bradi4g30670,16
Bradi4g32320,16
Bradi1g46150,16
Bradi4g32480,16
Bradi4g33907,16
Bradi1g44030,16
Bradi4g34000,16
Bradi4g34060,16
Bradi1g08240,16
Bradi1g07660,16
Bradi1g07430,16
Bradi1g43937,16
Bradi1g43900,16
Bradi1g07570,16
Bradi1g43810,16
Bradi1g43800,16
Bradi4g34400,16
Bradi5g21250,16
Bradi4g34410,16
Bradi1g43710,16
Bradi4g35225,16
Bradi4g34667,16
Bradi1g43410,16
Bradi4g34760,16
Bradi1g42630,16
Bradi4g34890,16
Bradi4g34900,16
Bradi5g21140,16
Bradi4g35040,16
Bradi1g42347,16
Bradi1g07577,16
Bradi4g35250,16
Bradi4g32350,16
Bradi5g21383,16
Bradi1g44297,16
Bradi1g08597,16
Bradi1g38360,16
Bradi5g21770,16
Bradi1g45960,16
Bradi1g45950,16
Bradi1g38687,16
Bradi1g45880,16
Bradi1g45790,16
Bradi1g39223,16
Bradi4g32920,16
Bradi1g45535,16
Bradi4g33110,16
Bradi4g33400,16
Bradi1g45530,16
Bradi5g21750,16
Bradi5g21531,16
Bradi1g45090,16
Bradi1g44990,16
Bradi1g39290,16
Bradi1g44980,16
Bradi1g07237,16
Bradi1g44680,16
Bradi1g06042,16
Bradi1g44630,16
Bradi4g35336,16
Bradi1g44390,16
Bradi4g35270,16
Bradi1g44170,16
Bradi5g23947,16
Bradi5g24257,16
Bradi1g51170,16
Bradi1g62400,16
Bradi1g62410,16
Bradi4g20741,16
Bradi1g02680,16
Bradi1g02400,16
Bradi4g20500,16
Bradi1g61790,16
Bradi4g20480,16
Bradi1g01800,16
Bradi5g26567,16
Bradi5g26600,16
Bradi1g62890,16
Bradi5g26711,16
Bradi1g63270,16
Bradi1g62652,16
Bradi4g18840,16
Bradi4g21170,16
Bradi1g61690,16
Bradi1g61110,16
Bradi1g61130,16
Bradi4g22700,16
Bradi4g22250,16
Bradi4g22220,16
Bradi5g26060,16
Bradi4g21180,16
Bradi4g22130,16
Bradi4g22015,16
Bradi4g21836,16
Bradi1g02770,16
Bradi1g61560,16
Bradi4g21750,16
Bradi1g61568,16
Bradi1g03207,16
Bradi4g18820,16
Bradi4g18770,16
Bradi1g63290,16
Bradi4g16088,16
Bradi4g15190,16
Bradi4g15130,16
Bradi4g15010,16
Bradi1g65480,16
Bradi1g00931,16
Bradi4g16186,16
Bradi1g65520,16
Bradi1g00840,16
Bradi1g65767,16
Bradi1g65831,16
Bradi4g14387,16
Bradi1g65910,16
Bradi4g14237,16
Bradi4g14630,16
Bradi1g65130,16
Bradi4g16350,16
Bradi5g26740,16
Bradi1g01630,16
Bradi4g18280,16
Bradi1g63840,16
Bradi5g26725,16
Bradi1g64010,16
Bradi4g17418,16
Bradi1g64110,16
Bradi1g64120,16
Bradi4g17217,16
Bradi1g64260,16
Bradi1g64280,16
Bradi1g64290,16
Bradi1g64381,16
Bradi1g64640,16
Bradi1g64687,16
Bradi1g60970,16
Bradi1g60960,16
Bradi4g23350,16
Bradi4g23356,16
Bradi1g55570,16
Bradi4g27830,16
Bradi1g55580,16
Bradi5g24640,16
Bradi1g55600,16
Bradi4g27650,16
Bradi1g55560,16
Bradi4g27638,16
Bradi1g55610,16
Bradi1g55620,16
Bradi1g05330,16
Bradi1g56080,16
Bradi4g27570,16
Bradi1g56600,16
Bradi4g27627,16
Bradi5g24630,16
Bradi1g55007,16
Bradi1g54990,16
Bradi1g52011,16
Bradi4g29320,16
Bradi1g52540,16
Bradi4g28970,16
Bradi1g05763,16
Bradi1g05742,16
Bradi1g54003,16
Bradi1g05450,16
Bradi5g24227,16
Bradi4g28350,16
Bradi5g24351,16
Bradi1g54180,16
Bradi5g24450,16
Bradi1g54847,16
Bradi5g24565,16
Bradi1g04907,16
Bradi1g06030,16
Bradi1g04620,16
Bradi1g04150,16
Bradi1g60170,16
Bradi1g60300,16
Bradi1g03686,16
Bradi4g24378,16
Bradi1g60470,16
Bradi1g03500,16
Bradi1g59720,16
Bradi4g24120,16
Bradi1g60720,16
Bradi1g60846,16
Bradi4g23695,16
Bradi4g23680,16
Bradi1g60852,16
Bradi1g60950,16
Bradi4g23967,16
Bradi4g24950,16
Bradi1g59430,16
Bradi1g03760,16
Bradi1g57000,16
Bradi1g03940,16
Bradi1g57040,16
Bradi4g26040,16
Bradi4g25910,16
Bradi4g25900,16
Bradi4g25880,16
Bradi1g57240,16
Bradi1g57860,16
Bradi1g03910,16
Bradi1g03850,16
Bradi1g57880,16
Bradi1g03840,16
Bradi5g25637,16
Bradi1g58572,16
Bradi1g56817,16
Bradi4g36517,16
Bradi1g18040,16
Bradi1g37410,16
Bradi1g23450,16
Bradi1g16670,16
Bradi1g23970,16
Bradi1g24340,16
Bradi1g16580,16
Bradi1g15880,16
Bradi5g08760,16
Bradi1g24747,16
Bradi1g24760,16
Bradi5g08240,16
Bradi1g24770,16
Bradi1g25070,16
Bradi1g25150,16
Bradi5g07760,16
Bradi5g08410,16
Bradi5g08790,16
Bradi5g08820,16
Bradi5g08825,16
Bradi5g09680,16
Bradi5g09517,16
Bradi1g23010,16
Bradi1g23060,16
Bradi1g23110,16
Bradi5g09310,16
Bradi1g23257,16
Bradi1g16760,16
Bradi1g23270,16
Bradi1g23350,16
Bradi1g23440,16
Bradi5g08990,16
Bradi5g08900,16
Bradi5g08840,16
Bradi5g08830,16
Bradi1g15830,16
Bradi1g25270,16
Bradi1g25320,16
Bradi1g25350,16
Bradi5g16940,16
Bradi1g26530,16
Bradi1g15030,16
Bradi5g17170,16
Bradi5g03290,16
Bradi1g26540,16
Bradi5g03110,16
Bradi1g26570,16
Bradi1g26710,16
Bradi5g02920,16
Bradi5g17200,16
Bradi1g26760,16
Bradi1g26810,16
Bradi1g26857,16
Bradi5g02290,16
Bradi1g15120,16
Bradi5g09704,16
Bradi1g26510,16
Bradi5g03390,16
Bradi5g16390,16
Bradi5g16400,16
Bradi1g25517,16
Bradi1g25552,16
Bradi1g15680,16
Bradi5g05663,16
Bradi1g15547,16
Bradi5g05173,16
Bradi5g04760,16
Bradi1g25795,16
Bradi1g15450,16
Bradi1g15290,16
Bradi5g04130,16
Bradi1g26000,16
Bradi1g26020,16
Bradi5g03380,16
Bradi5g09730,16
Bradi5g09737,16
Bradi1g22553,16
Bradi1g19120,16
Bradi1g17680,16
Bradi1g19220,16
Bradi1g17410,16
Bradi5g12730,16
Bradi5g15020,16
Bradi5g15130,16
Bradi1g17400,16
Bradi5g12150,16
Bradi1g19716,16
Bradi5g12090,16
Bradi5g12060,16
Bradi5g11980,16
Bradi1g19810,16
Bradi5g11880,16
Bradi5g13350,16
Bradi5g11840,16
Bradi5g13520,16
Bradi1g19010,16
Bradi5g14280,16
Bradi1g18170,16
Bradi5g14240,16
Bradi5g14170,16
Bradi1g18185,16
Bradi5g14090,16
Bradi1g18407,16
Bradi5g14540,16
Bradi1g18560,16
Bradi1g17820,16
Bradi1g18650,16
Bradi5g14640,16
Bradi1g18780,16
Bradi1g17810,16
Bradi1g17790,16
Bradi5g13530,16
Bradi1g27130,16
Bradi1g17380,16
Bradi5g11750,16
Bradi5g10757,16
Bradi1g21330,16
Bradi5g15750,16
Bradi5g10720,16
Bradi1g21334,16
Bradi1g21350,16
Bradi5g15830,16
Bradi5g10470,16
Bradi1g22170,16
Bradi1g17090,16
Bradi5g10260,16
Bradi5g10177,16
Bradi5g10130,16
Bradi1g22361,16
Bradi1g22370,16
Bradi5g10770,16
Bradi1g20100,16
Bradi5g10860,16
Bradi1g21080,16
Bradi1g20250,16
Bradi5g11630,16
Bradi5g11620,16
Bradi5g11590,16
Bradi1g20290,16
Bradi1g17200,16
Bradi1g20460,16
Bradi5g15655,16
Bradi5g15659,16
Bradi1g20640,16
Bradi1g20860,16
Bradi5g11147,16
Bradi5g10985,16
Bradi1g17160,16
Bradi1g20980,16
Bradi5g10920,16
Bradi1g14983,16
Bradi1g14460,16
Bradi1g27478,16
Bradi1g11687,16
Bradi4g40580,16
Bradi4g40270,16
Bradi1g33530,16
Bradi1g33640,16
Bradi1g33670,16
Bradi1g33790,16
Bradi4g39870,16
Bradi4g39860,16
Bradi4g39810,16
Bradi1g34240,16
Bradi1g11080,16
Bradi4g39760,16
Bradi1g34525,16
Bradi1g34670,16
Bradi4g40727,16
Bradi4g39240,16
Bradi4g40740,16
Bradi1g12240,16
Bradi4g41976,16
Bradi4g41940,16
Bradi4g41850,16
Bradi4g41840,16
Bradi4g41820,16
Bradi1g32454,16
Bradi1g32521,16
Bradi4g41505,16
Bradi1g32547,16
Bradi4g41377,16
Bradi1g33160,16
Bradi5g19230,16
Bradi5g19240,16
Bradi5g19320,16
Bradi1g33490,16
Bradi1g33500,16
Bradi4g42080,16
Bradi1g34910,16
Bradi1g11050,16
Bradi1g09710,16
Bradi4g37420,16
Bradi5g19787,16
Bradi4g37338,16
Bradi4g37210,16
Bradi5g20012,16
Bradi4g37203,16
Bradi1g36750,16
Bradi4g36976,16
Bradi1g36776,16
Bradi1g09431,16
Bradi1g37030,16
Bradi1g09410,16
Bradi4g36850,16
Bradi1g37311,16
Bradi1g09800,16
Bradi1g35220,16
Bradi4g37460,16
Bradi1g36460,16
Bradi4g39100,16
Bradi4g39090,16
Bradi1g35460,16
Bradi1g10660,16
Bradi1g35697,16
Bradi1g35780,16
Bradi1g10640,16
Bradi1g10540,16
Bradi4g38250,16
Bradi4g38140,16
Bradi1g09840,16
Bradi1g36420,16
Bradi4g37856,16
Bradi4g37770,16
Bradi4g37608,16
Bradi1g36490,16
Bradi1g37480,16
Bradi4g42140,16
Bradi1g32060,16
Bradi1g13580,16
Bradi1g28860,16
Bradi5g00522,16
Bradi1g29260,16
Bradi5g18040,16
Bradi4g45220,16
Bradi4g45190,16
Bradi4g45037,16
Bradi1g29424,16
Bradi1g29425,16
Bradi1g13373,16
Bradi1g29457,16
Bradi4g44838,16
Bradi1g29485,16
Bradi1g13367,16
Bradi5g00750,16
Bradi1g13290,16
Bradi1g28760,16
Bradi5g00940,16
Bradi5g01760,16
Bradi1g27481,16
Bradi1g28120,16
Bradi5g01410,16
Bradi5g01327,16
Bradi1g14360,16
Bradi1g28180,16
Bradi1g28530,16
Bradi1g13980,16
Bradi1g13660,16
Bradi5g01060,16
Bradi5g01020,16
Bradi5g00990,16
Bradi5g00980,16
Bradi5g00970,16
Bradi5g00891,16
Bradi4g42180,16
Bradi5g18350,16
Bradi1g29642,16
Bradi1g31357,16
Bradi4g43450,16
Bradi4g43137,16
Bradi5g18939,16
Bradi1g31520,16
Bradi1g31670,16
Bradi4g42620,16
Bradi4g42600,16
Bradi1g12300,16
Bradi5g19110,16
Bradi5g19130,16
Bradi4g42540,16
Bradi4g42517,16
Bradi5g19190,16
Bradi4g42240,16
Bradi5g18880,16
Bradi1g29590,16
Bradi4g43500,16
Bradi4g43580,16
Bradi1g29680,16
Bradi1g29857,16
Bradi4g44427,16
Bradi1g30150,16
Bradi1g30468,16
Bradi1g13240,16
Bradi5g18680,16
Bradi1g30510,16
Bradi1g13140,16
Bradi1g30870,16
Bradi5g18830,16
Bradi1g31050,16
Bradi1g31260,16
Bradi4g43900,16
Bradi4g43770,16
Bradi4g43510,16
Bradi4g14020,16
Bradi1g72440,16
Bradi4g13960,16
Bradi3g30160,16
Bradi3g30110,16
Bradi3g30040,16
Bradi3g30027,16
Bradi3g29840,16
Bradi2g48255,16
Bradi2g48350,16
Bradi2g48450,16
Bradi3g28580,16
Bradi3g28450,16
Bradi2g48657,16
Bradi2g48890,16
Bradi2g49057,16
Bradi2g49090,16
Bradi2g49110,16
Bradi2g49120,16
Bradi2g49152,16
Bradi2g48140,16
Bradi2g48010,16
Bradi3g30457,16
Bradi2g47610,16
Bradi2g46750,16
Bradi2g46810,16
Bradi2g47130,16
Bradi3g31827,16
Bradi2g47150,16
Bradi3g31620,16
Bradi2g47330,16
Bradi2g47480,16
Bradi2g49300,16
Bradi3g31440,16
Bradi3g31410,16
Bradi3g31130,16
Bradi2g47540,16
Bradi2g47550,16
Bradi3g30660,16
Bradi3g30655,16
Bradi3g30590,16
Bradi3g30490,16
Bradi2g47530,16
Bradi3g32025,16
Bradi2g49330,16
Bradi2g49690,16
Bradi2g52110,16
Bradi3g24760,16
Bradi2g52260,16
Bradi2g52270,16
Bradi3g23040,16
Bradi3g22980,16
Bradi3g22950,16
Bradi2g52370,16
Bradi2g52437,16
Bradi2g52510,16
Bradi2g52530,16
Bradi3g22580,16
Bradi2g52600,16
Bradi3g22495,16
Bradi2g52680,16
Bradi2g52870,16
Bradi2g52977,16
Bradi3g25607,16
Bradi3g25658,16
Bradi3g25670,16
Bradi2g52070,16
Bradi2g49700,16
Bradi2g49740,16
Bradi3g27807,16
Bradi3g27800,16
Bradi2g49795,16
Bradi2g50035,16
Bradi3g27640,16
Bradi2g50080,16
Bradi2g49490,16
Bradi2g50200,16
Bradi2g50687,16
Bradi2g51080,16
Bradi2g51180,16
Bradi2g51500,16
Bradi2g51540,16
Bradi3g26930,16
Bradi3g26850,16
Bradi3g26810,16
Bradi2g50620,16
Bradi2g53190,16
Bradi2g46670,16
Bradi2g46240,16
Bradi3g38150,16
Bradi2g36890,16
Bradi2g36970,16
Bradi2g37540,16
Bradi3g37820,16
Bradi2g38247,16
Bradi3g37690,16
Bradi3g37620,16
Bradi3g37570,16
Bradi2g38577,16
Bradi2g38750,16
Bradi2g39230,16
Bradi2g39790,16
Bradi3g37350,16
Bradi3g36970,16
Bradi3g36887,16
Bradi3g36820,16
Bradi3g38160,16
Bradi3g38227,16
Bradi2g36790,16
Bradi3g38300,16
Bradi3g39800,16
Bradi2g32900,16
Bradi2g32940,16
Bradi2g32957,16
Bradi2g33550,16
Bradi2g34072,16
Bradi2g34090,16
Bradi3g38980,16
Bradi3g36760,16
Bradi2g34290,16
Bradi2g34460,16
Bradi2g34660,16
Bradi3g38610,16
Bradi3g38600,16
Bradi2g36470,16
Bradi2g36480,16
Bradi2g36740,16
Bradi3g38410,16
Bradi2g34300,16
Bradi2g46502,16
Bradi3g36697,16
Bradi3g36347,16
Bradi3g33730,16
Bradi2g44800,16
Bradi2g44910,16
Bradi2g44936,16
Bradi3g33400,16
Bradi3g33341,16
Bradi2g44942,16
Bradi3g33300,16
Bradi3g33170,16
Bradi2g45130,16
Bradi2g45350,16
Bradi2g45970,16
Bradi3g32990,16
Bradi3g32890,16
Bradi2g46093,16
Bradi3g32840,16
Bradi3g32700,16
Bradi2g44770,16
Bradi3g33930,16
Bradi2g44340,16
Bradi2g44170,16
Bradi3g36217,16
Bradi2g40870,16
Bradi2g40900,16
Bradi2g41020,16
Bradi2g41070,16
Bradi2g41880,16
Bradi3g35540,16
Bradi2g42260,16
Bradi3g36600,16
Bradi2g42360,16
Bradi3g35180,16
Bradi3g35150,16
Bradi2g42940,16
Bradi2g43380,16
Bradi3g34830,16
Bradi3g34820,16
Bradi2g43830,16
Bradi2g43880,16
Bradi2g42830,16
Bradi2g32230,16
Bradi2g53200,16
Bradi2g53470,16
Bradi2g62210,16
Bradi3g10210,16
Bradi3g10150,16
Bradi2g62496,16
Bradi3g10010,16
Bradi3g09910,16
Bradi3g00570,16
Bradi3g00731,16
Bradi3g09780,16
Bradi3g00910,16
Bradi3g01350,16
Bradi3g09720,16
Bradi3g09620,16
Bradi3g09597,16
Bradi3g09580,16
Bradi3g01427,16
Bradi3g01440,16
Bradi2g62200,16
Bradi3g10770,16
Bradi2g62165,16
Bradi2g62150,16
Bradi2g60120,16
Bradi3g14221,16
Bradi2g60660,16
Bradi2g60670,16
Bradi2g60898,16
Bradi2g60904,16
Bradi3g13670,16
Bradi2g61050,16
Bradi3g09395,16
Bradi2g61060,16
Bradi3g12925,16
Bradi3g12920,16
Bradi2g61090,16
Bradi3g12020,16
Bradi3g11408,16
Bradi2g61490,16
Bradi2g61500,16
Bradi2g61830,16
Bradi3g12930,16
Bradi3g14490,16
Bradi3g09350,16
Bradi3g09240,16
Bradi3g07130,16
Bradi3g06780,16
Bradi3g03770,16
Bradi3g06487,16
Bradi3g06480,16
Bradi3g06472,16
Bradi3g06340,16
Bradi3g06260,16
Bradi3g03870,16
Bradi3g06070,16
Bradi3g05940,16
Bradi3g03878,16
Bradi3g05800,16
Bradi3g05750,16
Bradi3g05660,16
Bradi3g05570,16
Bradi3g04750,16
Bradi3g07150,16
Bradi3g07190,16
Bradi3g03450,16
Bradi3g03391,16
Bradi3g01640,16
Bradi3g01880,16
Bradi3g09000,16
Bradi3g08730,16
Bradi3g02130,16
Bradi3g08667,16
Bradi3g08660,16
Bradi3g08430,16
Bradi3g09290,16
Bradi3g02730,16
Bradi3g07775,16
Bradi3g07760,16
Bradi3g07750,16
Bradi3g02810,16
Bradi3g03080,16
Bradi3g03150,16
Bradi3g07540,16
Bradi3g07440,16
Bradi3g02806,16
Bradi2g53330,16
Bradi2g59950,16
Bradi2g59830,16
Bradi2g55180,16
Bradi2g55217,16
Bradi3g19470,16
Bradi2g55297,16
Bradi2g55380,16
Bradi3g19077,16
Bradi3g19010,16
Bradi3g18945,16
Bradi3g18930,16
Bradi3g18850,16
Bradi2g55797,16
Bradi3g18340,16
Bradi3g18290,16
Bradi2g55892,16
Bradi2g55920,16
Bradi3g17920,16
Bradi2g55924,16
Bradi2g55070,16
Bradi2g55010,16
Bradi2g54890,16
Bradi2g54850,16
Bradi2g53550,16
Bradi2g53620,16
Bradi2g53700,16
Bradi2g53750,16
Bradi3g21190,16
Bradi3g21140,16
Bradi3g21020,16
Bradi3g20946,16
Bradi2g56000,16
Bradi3g20940,16
Bradi2g53780,16
Bradi2g53820,16
Bradi2g53910,16
Bradi2g54010,16
Bradi3g20520,16
Bradi2g54177,16
Bradi2g54300,16
Bradi2g54810,16
Bradi3g20922,16
Bradi3g14658,16
Bradi2g56416,16
Bradi3g17326,16
Bradi3g15740,16
Bradi3g15690,16
Bradi3g15680,16
Bradi2g58060,16
Bradi2g58440,16
Bradi3g15500,16
Bradi3g15495,16
Bradi3g15490,16
Bradi2g58470,16
Bradi3g15300,16
Bradi2g58580,16
Bradi2g58720,16
Bradi2g58917,16
Bradi2g59290,16
Bradi2g59480,16
Bradi2g59610,16
Bradi2g59740,16
Bradi3g16110,16
Bradi3g16130,16
Bradi2g57927,16
Bradi2g57687,16
Bradi2g56557,16
Bradi2g56650,16
Bradi2g56750,16
Bradi2g56760,16
Bradi2g56810,16
Bradi2g57190,16
Bradi2g57310,16
Bradi2g57476,16
Bradi2g56460,16
Bradi2g57520,16
Bradi3g16670,16
Bradi3g16640,16
Bradi2g57669,16
Bradi2g57680,16
Bradi3g16540,16
Bradi3g16530,16
Bradi3g16522,16
Bradi3g16515,16
Bradi2g57537,16
Bradi2g31937,16
Bradi3g39927,16
Bradi2g31510,16
Bradi2g01310,16
Bradi2g01320,16
Bradi2g01420,16
Bradi2g01440,16
Bradi2g02060,16
Bradi3g60360,16
Bradi2g02290,16
Bradi3g60090,16
Bradi2g02340,16
Bradi2g02350,16
Bradi2g02477,16
Bradi3g59710,16
Bradi3g59700,16
Bradi3g59520,16
Bradi3g59440,16
Bradi3g59430,16
Bradi2g03160,16
Bradi4g00300,16
Bradi2g01104,16
Bradi4g00486,16
Bradi4g00490,16
Bradi1g76870,16
Bradi4g02580,16
Bradi1g77040,16
Bradi4g02557,16
Bradi1g77290,16
Bradi1g77450,16
Bradi1g77460,16
Bradi1g77867,16
Bradi3g59350,16
Bradi4g01200,16
Bradi4g01130,16
Bradi1g77940,16
Bradi1g78520,16
Bradi4g01015,16
Bradi1g78670,16
Bradi4g00860,16
Bradi4g00740,16
Bradi1g78710,16
Bradi4g01140,16
Bradi4g02740,16
Bradi2g03694,16
Bradi2g03717,16
Bradi2g06150,16
Bradi2g06260,16
Bradi2g06590,16
Bradi2g06670,16
Bradi3g56830,16
Bradi2g06730,16
Bradi3g56720,16
Bradi2g07160,16
Bradi2g07310,16
Bradi2g07480,16
Bradi2g07700,16
Bradi2g07710,16
Bradi2g07810,16
Bradi2g08100,16
Bradi3g56020,16
Bradi3g55890,16
Bradi2g08177,16
Bradi2g06111,16
Bradi3g57013,16
Bradi2g05850,16
Bradi2g05760,16
Bradi2g04310,16
Bradi2g04430,16
Bradi2g04447,16
Bradi3g58590,16
Bradi2g04510,16
Bradi3g58060,16
Bradi3g58040,16
Bradi2g04590,16
Bradi3g58980,16
Bradi2g04690,16
Bradi3g57667,16
Bradi2g05050,16
Bradi2g05070,16
Bradi2g05140,16
Bradi2g05600,16
Bradi2g05611,16
Bradi2g05620,16
Bradi2g05640,16
Bradi2g04737,16
Bradi2g08540,16
Bradi1g76810,16
Bradi1g76726,16
Bradi1g69070,16
Bradi4g09920,16
Bradi1g69170,16
Bradi1g69340,16
Bradi1g69530,16
Bradi4g09230,16
Bradi4g09120,16
Bradi1g70380,16
Bradi1g70390,16
Bradi1g70580,16
Bradi1g70700,16
Bradi4g08630,16
Bradi4g08410,16
Bradi1g70920,16
Bradi1g71120,16
Bradi1g71160,16
Bradi4g07902,16
Bradi1g69020,16
Bradi1g68950,16
Bradi1g68680,16
Bradi1g68502,16
Bradi4g13920,16
Bradi4g13781,16
Bradi1g66710,16
Bradi1g66731,16
Bradi4g13626,16
Bradi1g67270,16
Bradi1g67397,16
Bradi1g67840,16
Bradi4g07780,16
Bradi1g67930,16
Bradi4g11725,16
Bradi4g11580,16
Bradi1g68090,16
Bradi4g11420,16
Bradi4g11400,16
Bradi4g11390,16
Bradi1g68260,16
Bradi1g68430,16
Bradi4g11731,16
Bradi1g76760,16
Bradi4g07595,16
Bradi4g07527,16
Bradi1g74540,16
Bradi1g74640,16
Bradi1g74870,16
Bradi1g75610,16
Bradi4g04590,16
Bradi4g04470,16
Bradi1g75670,16
Bradi1g75950,16
Bradi1g76140,16
Bradi1g76190,16
Bradi1g76227,16
Bradi4g03477,16
Bradi4g03460,16
Bradi4g03450,16
Bradi4g03440,16
Bradi1g76330,16
Bradi1g76460,16
Bradi4g05500,16
Bradi1g74420,16
Bradi1g74350,16
Bradi1g73990,16
Bradi1g71360,16
Bradi1g71373,16
Bradi4g07248,16
Bradi1g71430,16
Bradi1g71510,16
Bradi1g71667,16
Bradi1g71690,16
Bradi4g06916,16
Bradi1g71310,16
Bradi1g71800,16
Bradi1g71840,16
Bradi1g71870,16
Bradi4g06290,16
Bradi1g72590,16
Bradi1g72740,16
Bradi1g72963,16
Bradi1g73230,16
Bradi1g73710,16
Bradi1g71820,16
Bradi3g55730,16
Bradi3g55450,16
Bradi2g08702,16
Bradi3g47010,16
Bradi2g22030,16
Bradi2g22320,16
Bradi2g22400,16
Bradi2g23200,16
Bradi3g46710,16
Bradi3g46700,16
Bradi2g23580,16
Bradi3g46590,16
Bradi3g46480,16
Bradi3g46460,16
Bradi3g46450,16
Bradi2g23710,16
Bradi2g23837,16
Bradi3g45930,16
Bradi3g45840,16
Bradi2g24680,16
Bradi2g21490,16
Bradi2g21185,16
Bradi2g21060,16
Bradi2g20800,16
Bradi3g48610,16
Bradi2g19410,16
Bradi3g48490,16
Bradi3g48470,16
Bradi2g19900,16
Bradi2g19910,16
Bradi3g48230,16
Bradi3g48180,16
Bradi2g24810,16
Bradi3g48080,16
Bradi2g20110,16
Bradi3g47700,16
Bradi2g20302,16
Bradi3g47640,16
Bradi3g47620,16
Bradi2g20447,16
Bradi2g20460,16
Bradi2g20540,16
Bradi2g19970,16
Bradi3g48840,16
Bradi3g45180,16
Bradi3g44900,16
Bradi3g42220,16
Bradi2g26576,16
Bradi2g26640,16
Bradi3g41863,16
Bradi2g26740,16
Bradi2g26807,16
Bradi2g26950,16
Bradi3g41297,16
Bradi3g41200,16
Bradi2g27020,16
Bradi2g27180,16
Bradi2g27810,16
Bradi2g27870,16
Bradi2g27970,16
Bradi3g40590,16
Bradi3g40357,16
Bradi2g31166,16
Bradi3g42627,16
Bradi2g26225,16
Bradi2g25887,16
Bradi2g25850,16
Bradi3g44640,16
Bradi2g25190,16
Bradi2g25550,16
Bradi3g44420,16
Bradi3g44330,16
Bradi3g44100,16
Bradi3g44010,16
Bradi3g43941,16
Bradi2g24910,16
Bradi3g43930,16
Bradi2g25600,16
Bradi2g25613,16
Bradi3g43540,16
Bradi3g43390,16
Bradi3g43180,16
Bradi3g43150,16
Bradi2g25745,16
Bradi3g43020,16
Bradi2g25570,16
Bradi2g19297,16
Bradi3g48940,16
Bradi2g19230,16
Bradi3g53320,16
Bradi3g53140,16
Bradi2g11676,16
Bradi2g11740,16
Bradi3g52837,16
Bradi3g52807,16
Bradi2g11940,16
Bradi2g12047,16
Bradi2g12300,16
Bradi3g52690,16
Bradi3g52680,16
Bradi3g52660,16
Bradi2g12727,16
Bradi3g52522,16
Bradi3g52505,16
Bradi2g12850,16
Bradi2g12880,16
Bradi3g53370,16
Bradi2g11350,16
Bradi2g11220,16
Bradi2g11070,16
Bradi2g08890,16
Bradi3g55317,16
Bradi2g09130,16
Bradi2g09366,16
Bradi2g09510,16
Bradi2g09580,16
Bradi2g09720,16
Bradi2g09730,16
Bradi2g13020,16
Bradi2g09750,16
Bradi2g10027,16
Bradi3g53980,16
Bradi3g53907,16
Bradi2g10250,16
Bradi3g53740,16
Bradi2g10870,16
Bradi2g10880,16
Bradi3g53670,16
Bradi2g09940,16
Bradi3g52390,16
Bradi2g13320,16
Bradi3g52350,16
Bradi2g16271,16
Bradi3g50245,16
Bradi2g16282,16
Bradi3g50220,16
Bradi3g50200,16
Bradi2g16290,16
Bradi2g16660,16
Bradi2g16680,16
Bradi3g50430,16
Bradi2g16887,16
Bradi3g49730,16
Bradi2g17600,16
Bradi3g49380,16
Bradi3g49360,16
Bradi2g18101,16
Bradi3g49280,16
Bradi3g49260,16
Bradi2g18237,16
Bradi2g17077,16
Bradi4g14000,16
Bradi2g15940,16
Bradi2g15900,16
Bradi2g13610,16
Bradi3g52260,16
Bradi3g52096,16
Bradi2g14250,16
Bradi3g51960,16
Bradi2g14790,16
Bradi2g14801,16
Bradi3g51757,16
Bradi3g50700,16
Bradi3g51660,16
Bradi2g14860,16
Bradi2g15290,16
Bradi2g15307,16
Bradi2g15317,16
Bradi3g51200,16
Bradi2g15630,16
Bradi2g15767,16
Bradi2g15810,16
Bradi3g51570,16
Bradi5g27602,16
